{"cameraMode":{"drawMode":0,"name":"Shaded","section":"Shading Mode"},"sceneLighting":false,"audioPlay":false,"sceneViewState":{"m_AlwaysRefresh":false,"showFog":true,"showSkybox":false,"showFlares":true,"showImageEffects":true,"showParticleSystems":true,"showVisualEffectGraphs":true,"m_FxEnabled":true},"in2DMode":false,"pivot":{"x":-0.7165204286575317,"y":5.221412181854248,"z":7.199843883514404},"rotation":{"x":-0.3455360233783722,"y":-0.0036615896970033647,"z":0.001349931349977851,"w":-0.9384075403213501},"size":2.7950849533081056,"orthographic":true}