{"cameraMode":{"drawMode":0,"name":"Shaded","section":"Shading Mode"},"sceneLighting":true,"audioPlay":false,"sceneViewState":{"m_AlwaysRefresh":false,"showFog":true,"showSkybox":true,"showFlares":true,"showImageEffects":true,"showParticleSystems":true,"showVisualEffectGraphs":true,"m_FxEnabled":true},"in2DMode":false,"pivot":{"x":232.25091552734376,"y":362.1901550292969,"z":-4.658892631530762},"rotation":{"x":-0.33135244250297549,"y":-0.01924831233918667,"z":0.006761407013982534,"w":-0.9432865977287293},"size":249.36659240722657,"orthographic":false}