{"cameraMode":{"drawMode":0,"name":"Shaded","section":"Shading Mode"},"sceneLighting":false,"audioPlay":false,"sceneViewState":{"m_AlwaysRefresh":false,"showFog":true,"showSkybox":false,"showFlares":true,"showImageEffects":true,"showParticleSystems":true,"showVisualEffectGraphs":true,"m_FxEnabled":true},"in2DMode":false,"pivot":{"x":0.10000000894069672,"y":3.809999942779541,"z":4.579999923706055},"rotation":{"x":-0.3455360233783722,"y":-0.0036615896970033647,"z":0.001349931349977851,"w":-0.9384075403213501},"size":0.38377898931503298,"orthographic":false}